file,sample,total,base_substitution,small_indel,large_deletion,large_insertion,large_amplification,large_substitution,mobile_element_insertion,gene_conversion,inversion,reference_bp,called_reference_bp,base_substitution.synonymous,base_substitution.nonsynonymous,base_substitution.nonsense,base_substitution.noncoding,base_substitution.pseudogene,base_substitution.intergenic
T1_CG10.filtered.gatk.gd,T1_CG10,1,1,0,0,0,0,0,0,0,0,3773875,3773875,0,1,0,0,0,0
T1_CG11.filtered.gatk.gd,T1_CG11,2,2,0,0,0,0,0,0,0,0,3773875,3773875,0,2,0,0,0,0
T1_CG12.filtered.gatk.gd,T1_CG12,0,0,0,0,0,0,0,0,0,0,3773875,3773875,0,0,0,0,0,0
T1_CG13.filtered.gatk.gd,T1_CG13,1,0,1,0,0,0,0,0,0,0,3773875,3773875,0,0,0,0,0,0
T1_CG14.filtered.gatk.gd,T1_CG14,0,0,0,0,0,0,0,0,0,0,3773875,3773875,0,0,0,0,0,0
T1_CG15.filtered.gatk.gd,T1_CG15,1,0,1,0,0,0,0,0,0,0,3773875,3773875,0,0,0,0,0,0
T1_CG16.filtered.gatk.gd,T1_CG16,2,0,2,0,0,0,0,0,0,0,3773875,3773875,0,0,0,0,0,0
T1_CG17.filtered.gatk.gd,T1_CG17,1,1,0,0,0,0,0,0,0,0,3773875,3773875,1,0,0,0,0,0
T1_CG18.filtered.gatk.gd,T1_CG18,2,1,1,0,0,0,0,0,0,0,3773875,3773875,0,0,0,0,0,1
T1_CG19.filtered.gatk.gd,T1_CG19,0,0,0,0,0,0,0,0,0,0,3773875,3773875,0,0,0,0,0,0
T1_CG1.filtered.gatk.gd,T1_CG1,0,0,0,0,0,0,0,0,0,0,3773875,3773875,0,0,0,0,0,0
T1_CG20.filtered.gatk.gd,T1_CG20,0,0,0,0,0,0,0,0,0,0,3773875,3773875,0,0,0,0,0,0
T1_CG21.filtered.gatk.gd,T1_CG21,0,0,0,0,0,0,0,0,0,0,3773875,3773875,0,0,0,0,0,0
T1_CG22.filtered.gatk.gd,T1_CG22,0,0,0,0,0,0,0,0,0,0,3773875,3773875,0,0,0,0,0,0
T1_CG23.filtered.gatk.gd,T1_CG23,2,2,0,0,0,0,0,0,0,0,3773875,3773875,0,2,0,0,0,0
T1_CG24.filtered.gatk.gd,T1_CG24,2,2,0,0,0,0,0,0,0,0,3773875,3773875,0,2,0,0,0,0
T1_CG25.filtered.gatk.gd,T1_CG25,1,1,0,0,0,0,0,0,0,0,3773875,3773875,0,0,1,0,0,0
T1_CG26.filtered.gatk.gd,T1_CG26,0,0,0,0,0,0,0,0,0,0,3773875,3773875,0,0,0,0,0,0
T1_CG27.filtered.gatk.gd,T1_CG27,0,0,0,0,0,0,0,0,0,0,3773875,3773875,0,0,0,0,0,0
T1_CG28.filtered.gatk.gd,T1_CG28,0,0,0,0,0,0,0,0,0,0,3773875,3773875,0,0,0,0,0,0
T1_CG29.filtered.gatk.gd,T1_CG29,0,0,0,0,0,0,0,0,0,0,3773875,3773875,0,0,0,0,0,0
T1_CG2.filtered.gatk.gd,T1_CG2,2,2,0,0,0,0,0,0,0,0,3773875,3773875,1,1,0,0,0,0
T1_CG30.filtered.gatk.gd,T1_CG30,0,0,0,0,0,0,0,0,0,0,3773875,3773875,0,0,0,0,0,0
T1_CG31.filtered.gatk.gd,T1_CG31,2,1,1,0,0,0,0,0,0,0,3773875,3773875,0,1,0,0,0,0
T1_CG32.filtered.gatk.gd,T1_CG32,1,0,1,0,0,0,0,0,0,0,3773875,3773875,0,0,0,0,0,0
T1_CG33.filtered.gatk.gd,T1_CG33,1,1,0,0,0,0,0,0,0,0,3773875,3773875,1,0,0,0,0,0
T1_CG34.filtered.gatk.gd,T1_CG34,1,0,1,0,0,0,0,0,0,0,3773875,3773875,0,0,0,0,0,0
T1_CG35.filtered.gatk.gd,T1_CG35,0,0,0,0,0,0,0,0,0,0,3773875,3773875,0,0,0,0,0,0
T1_CG36.filtered.gatk.gd,T1_CG36,2,2,0,0,0,0,0,0,0,0,3773875,3773875,2,0,0,0,0,0
T1_CG37.filtered.gatk.gd,T1_CG37,1,1,0,0,0,0,0,0,0,0,3773875,3773875,1,0,0,0,0,0
T1_CG38.filtered.gatk.gd,T1_CG38,1,1,0,0,0,0,0,0,0,0,3773875,3773875,0,1,0,0,0,0
T1_CG39.filtered.gatk.gd,T1_CG39,0,0,0,0,0,0,0,0,0,0,3773875,3773875,0,0,0,0,0,0
T1_CG3.filtered.gatk.gd,T1_CG3,1,1,0,0,0,0,0,0,0,0,3773875,3773875,0,0,0,0,0,1
T1_CG40.filtered.gatk.gd,T1_CG40,1,1,0,0,0,0,0,0,0,0,3773875,3773875,0,1,0,0,0,0
T1_CG42.filtered.gatk.gd,T1_CG42,0,0,0,0,0,0,0,0,0,0,3773875,3773875,0,0,0,0,0,0
T1_CG43.filtered.gatk.gd,T1_CG43,0,0,0,0,0,0,0,0,0,0,3773875,3773875,0,0,0,0,0,0
T1_CG44.filtered.gatk.gd,T1_CG44,2,2,0,0,0,0,0,0,0,0,3773875,3773875,0,2,0,0,0,0
T1_CG45.filtered.gatk.gd,T1_CG45,0,0,0,0,0,0,0,0,0,0,3773875,3773875,0,0,0,0,0,0
T1_CG46.filtered.gatk.gd,T1_CG46,0,0,0,0,0,0,0,0,0,0,3773875,3773875,0,0,0,0,0,0
T1_CG47.filtered.gatk.gd,T1_CG47,1,0,1,0,0,0,0,0,0,0,3773875,3773875,0,0,0,0,0,0
T1_CG48.filtered.gatk.gd,T1_CG48,0,0,0,0,0,0,0,0,0,0,3773875,3773875,0,0,0,0,0,0
T1_CG4.filtered.gatk.gd,T1_CG4,1,1,0,0,0,0,0,0,0,0,3773875,3773875,1,0,0,0,0,0
T1_CG5.filtered.gatk.gd,T1_CG5,4,4,0,0,0,0,0,0,0,0,3773875,3773875,2,2,0,0,0,0
T1_CG6.filtered.gatk.gd,T1_CG6,0,0,0,0,0,0,0,0,0,0,3773875,3773875,0,0,0,0,0,0
T1_CG7.filtered.gatk.gd,T1_CG7,0,0,0,0,0,0,0,0,0,0,3773875,3773875,0,0,0,0,0,0
T1_CG8.filtered.gatk.gd,T1_CG8,1,1,0,0,0,0,0,0,0,0,3773875,3773875,1,0,0,0,0,0
T1_CG9.filtered.gatk.gd,T1_CG9,1,1,0,0,0,0,0,0,0,0,3773875,3773875,0,1,0,0,0,0
T1_LE11.filtered.gatk.gd,T1_LE11,5,5,0,0,0,0,0,0,0,0,3773875,3773875,1,2,0,0,0,2
T1_LE12.filtered.gatk.gd,T1_LE12,5,5,0,0,0,0,0,0,0,0,3773875,3773875,1,2,0,0,0,2
T1_LE13.filtered.gatk.gd,T1_LE13,4,2,2,0,0,0,0,0,0,0,3773875,3773875,0,0,1,0,0,1
T1_LE14.filtered.gatk.gd,T1_LE14,8,5,3,0,0,0,0,0,0,0,3773875,3773875,1,2,2,0,0,0
T1_LE15.filtered.gatk.gd,T1_LE15,8,4,4,0,0,0,0,0,0,0,3773875,3773875,1,2,0,0,0,1
T1_LE16.filtered.gatk.gd,T1_LE16,7,4,3,0,0,0,0,0,0,0,3773875,3773875,1,2,0,0,0,1
T1_LE17.filtered.gatk.gd,T1_LE17,7,7,0,0,0,0,0,0,0,0,3773875,3773875,0,5,1,0,0,1
T1_LE18.filtered.gatk.gd,T1_LE18,5,3,2,0,0,0,0,0,0,0,3773875,3773875,0,3,0,0,0,0
T1_LE19.filtered.gatk.gd,T1_LE19,5,5,0,0,0,0,0,0,0,0,3773875,3773875,1,3,0,0,0,1
T1_LE1.filtered.gatk.gd,T1_LE1,3,1,2,0,0,0,0,0,0,0,3773875,3773875,0,0,0,0,0,1
T1_LE20.filtered.gatk.gd,T1_LE20,5,5,0,0,0,0,0,0,0,0,3773875,3773875,1,3,0,0,0,1
T1_LE21.filtered.gatk.gd,T1_LE21,1,0,1,0,0,0,0,0,0,0,3773875,3773875,0,0,0,0,0,0
T1_LE22.filtered.gatk.gd,T1_LE22,3,1,2,0,0,0,0,0,0,0,3773875,3773875,0,1,0,0,0,0
T1_LE23.filtered.gatk.gd,T1_LE23,5,4,1,0,0,0,0,0,0,0,3773875,3773875,1,2,0,0,0,1
T1_LE24.filtered.gatk.gd,T1_LE24,4,2,2,0,0,0,0,0,0,0,3773875,3773875,1,0,0,0,0,1
T1_LE25.filtered.gatk.gd,T1_LE25,5,3,2,0,0,0,0,0,0,0,3773875,3773875,0,3,0,0,0,0
T1_LE26.filtered.gatk.gd,T1_LE26,3,2,1,0,0,0,0,0,0,0,3773875,3773875,0,1,0,0,0,1
T1_LE27.filtered.gatk.gd,T1_LE27,3,2,1,0,0,0,0,0,0,0,3773875,3773875,0,0,1,0,0,1
T1_LE28.filtered.gatk.gd,T1_LE28,3,2,1,0,0,0,0,0,0,0,3773875,3773875,0,0,1,0,0,1
T1_LE29.filtered.gatk.gd,T1_LE29,6,4,2,0,0,0,0,0,0,0,3773875,3773875,0,3,0,0,0,1
T1_LE2.filtered.gatk.gd,T1_LE2,6,2,4,0,0,0,0,0,0,0,3773875,3773875,1,1,0,0,0,0
T1_LE30.filtered.gatk.gd,T1_LE30,4,2,2,0,0,0,0,0,0,0,3773875,3773875,0,2,0,0,0,0
T1_LE31.filtered.gatk.gd,T1_LE31,10,9,1,0,0,0,0,0,0,0,3773875,3773875,1,8,0,0,0,0
T1_LE32.filtered.gatk.gd,T1_LE32,10,9,1,0,0,0,0,0,0,0,3773875,3773875,1,8,0,0,0,0
T1_LE33.filtered.gatk.gd,T1_LE33,4,3,1,0,0,0,0,0,0,0,3773875,3773875,0,3,0,0,0,0
T1_LE34.filtered.gatk.gd,T1_LE34,4,3,1,0,0,0,0,0,0,0,3773875,3773875,0,3,0,0,0,0
T1_LE35.filtered.gatk.gd,T1_LE35,3,2,1,0,0,0,0,0,0,0,3773875,3773875,0,2,0,0,0,0
T1_LE36.filtered.gatk.gd,T1_LE36,4,3,1,0,0,0,0,0,0,0,3773875,3773875,0,2,0,0,0,1
T1_LE37.filtered.gatk.gd,T1_LE37,6,4,2,0,0,0,0,0,0,0,3773875,3773875,1,2,0,0,0,1
T1_LE38.filtered.gatk.gd,T1_LE38,7,4,3,0,0,0,0,0,0,0,3773875,3773875,1,2,0,0,0,1
T1_LE39.filtered.gatk.gd,T1_LE39,5,4,1,0,0,0,0,0,0,0,3773875,3773875,0,3,0,0,0,1
T1_LE3.filtered.gatk.gd,T1_LE3,5,3,2,0,0,0,0,0,0,0,3773875,3773875,1,2,0,0,0,0
T1_LE40.filtered.gatk.gd,T1_LE40,10,6,4,0,0,0,0,0,0,0,3773875,3773875,3,2,0,0,0,1
T1_LE41.filtered.gatk.gd,T1_LE41,6,5,1,0,0,0,0,0,0,0,3773875,3773875,0,3,0,0,0,2
T1_LE42.filtered.gatk.gd,T1_LE42,6,5,1,0,0,0,0,0,0,0,3773875,3773875,0,3,0,0,0,2
T1_LE43.filtered.gatk.gd,T1_LE43,5,4,1,0,0,0,0,0,0,0,3773875,3773875,1,3,0,0,0,0
T1_LE44.filtered.gatk.gd,T1_LE44,9,6,3,0,0,0,0,0,0,0,3773875,3773875,0,5,0,0,0,1
T1_LE45.filtered.gatk.gd,T1_LE45,4,4,0,0,0,0,0,0,0,0,3773875,3773875,1,3,0,0,0,0
T1_LE46.filtered.gatk.gd,T1_LE46,4,4,0,0,0,0,0,0,0,0,3773875,3773875,1,3,0,0,0,0
T1_LE47.filtered.gatk.gd,T1_LE47,12,10,2,0,0,0,0,0,0,0,3773875,3773875,2,8,0,0,0,0
T1_LE48.filtered.gatk.gd,T1_LE48,8,6,2,0,0,0,0,0,0,0,3773875,3773875,2,3,1,0,0,0
T1_LE49.filtered.gatk.gd,T1_LE49,9,6,2,1,0,0,0,0,0,0,3773875,3773875,3,3,0,0,0,0
T1_LE4.filtered.gatk.gd,T1_LE4,6,4,2,0,0,0,0,0,0,0,3773875,3773875,1,3,0,0,0,0
T1_LE50.filtered.gatk.gd,T1_LE50,8,6,1,1,0,0,0,0,0,0,3773875,3773875,3,3,0,0,0,0
T1_LE51.filtered.gatk.gd,T1_LE51,3,2,1,0,0,0,0,0,0,0,3773875,3773875,1,1,0,0,0,0
T1_LE53.filtered.gatk.gd,T1_LE53,7,5,2,0,0,0,0,0,0,0,3773875,3773875,3,2,0,0,0,0
T1_LE54.filtered.gatk.gd,T1_LE54,8,6,2,0,0,0,0,0,0,0,3773875,3773875,3,3,0,0,0,0
T1_LE55.filtered.gatk.gd,T1_LE55,8,6,2,0,0,0,0,0,0,0,3773875,3773875,1,5,0,0,0,0
T1_LE56.filtered.gatk.gd,T1_LE56,9,6,3,0,0,0,0,0,0,0,3773875,3773875,2,4,0,0,0,0
T1_LE57.filtered.gatk.gd,T1_LE57,8,4,4,0,0,0,0,0,0,0,3773875,3773875,0,1,0,0,0,3
T1_LE58.filtered.gatk.gd,T1_LE58,9,4,5,0,0,0,0,0,0,0,3773875,3773875,0,1,0,0,0,3
T1_LE59.filtered.gatk.gd,T1_LE59,8,6,2,0,0,0,0,0,0,0,3773875,3773875,1,2,0,0,0,3
T1_LE5.filtered.gatk.gd,T1_LE5,6,4,2,0,0,0,0,0,0,0,3773875,3773875,1,3,0,0,0,0
T1_LE60.filtered.gatk.gd,T1_LE60,9,6,3,0,0,0,0,0,0,0,3773875,3773875,0,2,0,0,0,4
T1_LE61.filtered.gatk.gd,T1_LE61,4,4,0,0,0,0,0,0,0,0,3773875,3773875,0,4,0,0,0,0
T1_LE62.filtered.gatk.gd,T1_LE62,4,4,0,0,0,0,0,0,0,0,3773875,3773875,0,4,0,0,0,0
T1_LE63.filtered.gatk.gd,T1_LE63,6,6,0,0,0,0,0,0,0,0,3773875,3773875,2,4,0,0,0,0
T1_LE64.filtered.gatk.gd,T1_LE64,6,5,1,0,0,0,0,0,0,0,3773875,3773875,1,4,0,0,0,0
T1_LE6.filtered.gatk.gd,T1_LE6,7,5,2,0,0,0,0,0,0,0,3773875,3773875,2,3,0,0,0,0
T1_LE7.filtered.gatk.gd,T1_LE7,4,2,2,0,0,0,0,0,0,0,3773875,3773875,0,2,0,0,0,0
T1_LE8.filtered.gatk.gd,T1_LE8,4,2,2,0,0,0,0,0,0,0,3773875,3773875,0,2,0,0,0,0
T1_WG10.filtered.gatk.gd,T1_WG10,1,0,1,0,0,0,0,0,0,0,3773875,3773875,0,0,0,0,0,0
T1_WG11.filtered.gatk.gd,T1_WG11,0,0,0,0,0,0,0,0,0,0,3773875,3773875,0,0,0,0,0,0
T1_WG12.filtered.gatk.gd,T1_WG12,1,1,0,0,0,0,0,0,0,0,3773875,3773875,0,1,0,0,0,0
T1_WG13.filtered.gatk.gd,T1_WG13,1,0,1,0,0,0,0,0,0,0,3773875,3773875,0,0,0,0,0,0
T1_WG14.filtered.gatk.gd,T1_WG14,1,1,0,0,0,0,0,0,0,0,3773875,3773875,0,1,0,0,0,0
T1_WG15.filtered.gatk.gd,T1_WG15,0,0,0,0,0,0,0,0,0,0,3773875,3773875,0,0,0,0,0,0
T1_WG16.filtered.gatk.gd,T1_WG16,0,0,0,0,0,0,0,0,0,0,3773875,3773875,0,0,0,0,0,0
T1_WG17.filtered.gatk.gd,T1_WG17,2,1,1,0,0,0,0,0,0,0,3773875,3773875,0,1,0,0,0,0
T1_WG18.filtered.gatk.gd,T1_WG18,0,0,0,0,0,0,0,0,0,0,3773875,3773875,0,0,0,0,0,0
T1_WG19.filtered.gatk.gd,T1_WG19,0,0,0,0,0,0,0,0,0,0,3773875,3773875,0,0,0,0,0,0
T1_WG1.filtered.gatk.gd,T1_WG1,2,2,0,0,0,0,0,0,0,0,3773875,3773875,0,1,0,0,0,1
T1_WG20.filtered.gatk.gd,T1_WG20,0,0,0,0,0,0,0,0,0,0,3773875,3773875,0,0,0,0,0,0
T1_WG21.filtered.gatk.gd,T1_WG21,0,0,0,0,0,0,0,0,0,0,3773875,3773875,0,0,0,0,0,0
T1_WG22.filtered.gatk.gd,T1_WG22,1,0,1,0,0,0,0,0,0,0,3773875,3773875,0,0,0,0,0,0
T1_WG23.filtered.gatk.gd,T1_WG23,2,2,0,0,0,0,0,0,0,0,3773875,3773875,0,2,0,0,0,0
T1_WG24.filtered.gatk.gd,T1_WG24,0,0,0,0,0,0,0,0,0,0,3773875,3773875,0,0,0,0,0,0
T1_WG25.filtered.gatk.gd,T1_WG25,1,1,0,0,0,0,0,0,0,0,3773875,3773875,0,1,0,0,0,0
T1_WG26.filtered.gatk.gd,T1_WG26,0,0,0,0,0,0,0,0,0,0,3773875,3773875,0,0,0,0,0,0
T1_WG27.filtered.gatk.gd,T1_WG27,0,0,0,0,0,0,0,0,0,0,3773875,3773875,0,0,0,0,0,0
T1_WG28.filtered.gatk.gd,T1_WG28,0,0,0,0,0,0,0,0,0,0,3773875,3773875,0,0,0,0,0,0
T1_WG2.filtered.gatk.gd,T1_WG2,0,0,0,0,0,0,0,0,0,0,3773875,3773875,0,0,0,0,0,0
T1_WG30.filtered.gatk.gd,T1_WG30,2,0,2,0,0,0,0,0,0,0,3773875,3773875,0,0,0,0,0,0
T1_WG31.filtered.gatk.gd,T1_WG31,0,0,0,0,0,0,0,0,0,0,3773875,3773875,0,0,0,0,0,0
T1_WG32.filtered.gatk.gd,T1_WG32,0,0,0,0,0,0,0,0,0,0,3773875,3773875,0,0,0,0,0,0
T1_WG33.filtered.gatk.gd,T1_WG33,1,1,0,0,0,0,0,0,0,0,3773875,3773875,0,0,0,0,0,1
T1_WG34.filtered.gatk.gd,T1_WG34,1,1,0,0,0,0,0,0,0,0,3773875,3773875,0,1,0,0,0,0
T1_WG35.filtered.gatk.gd,T1_WG35,1,1,0,0,0,0,0,0,0,0,3773875,3773875,1,0,0,0,0,0
T1_WG36.filtered.gatk.gd,T1_WG36,1,1,0,0,0,0,0,0,0,0,3773875,3773875,0,1,0,0,0,0
T1_WG37.filtered.gatk.gd,T1_WG37,1,1,0,0,0,0,0,0,0,0,3773875,3773875,1,0,0,0,0,0
T1_WG38.filtered.gatk.gd,T1_WG38,1,1,0,0,0,0,0,0,0,0,3773875,3773875,0,1,0,0,0,0
T1_WG39.filtered.gatk.gd,T1_WG39,0,0,0,0,0,0,0,0,0,0,3773875,3773875,0,0,0,0,0,0
T1_WG3.filtered.gatk.gd,T1_WG3,1,0,1,0,0,0,0,0,0,0,3773875,3773875,0,0,0,0,0,0
T1_WG40.filtered.gatk.gd,T1_WG40,3,2,1,0,0,0,0,0,0,0,3773875,3773875,1,0,0,0,0,1
T1_WG41.filtered.gatk.gd,T1_WG41,0,0,0,0,0,0,0,0,0,0,3773875,3773875,0,0,0,0,0,0
T1_WG42.filtered.gatk.gd,T1_WG42,1,1,0,0,0,0,0,0,0,0,3773875,3773875,0,1,0,0,0,0
T1_WG44.filtered.gatk.gd,T1_WG44,2,1,1,0,0,0,0,0,0,0,3773875,3773875,0,1,0,0,0,0
T1_WG45.filtered.gatk.gd,T1_WG45,4,2,2,0,0,0,0,0,0,0,3773875,3773875,2,0,0,0,0,0
T1_WG46.filtered.gatk.gd,T1_WG46,2,2,0,0,0,0,0,0,0,0,3773875,3773875,1,1,0,0,0,0
T1_WG47.filtered.gatk.gd,T1_WG47,0,0,0,0,0,0,0,0,0,0,3773875,3773875,0,0,0,0,0,0
T1_WG48.filtered.gatk.gd,T1_WG48,2,2,0,0,0,0,0,0,0,0,3773875,3773875,0,2,0,0,0,0
T1_WG4.filtered.gatk.gd,T1_WG4,0,0,0,0,0,0,0,0,0,0,3773875,3773875,0,0,0,0,0,0
T1_WG6.filtered.gatk.gd,T1_WG6,4,3,1,0,0,0,0,0,0,0,3773875,3773875,0,1,0,0,0,2
T1_WG7.filtered.gatk.gd,T1_WG7,3,2,1,0,0,0,0,0,0,0,3773875,3773875,1,1,0,0,0,0
T1_WG8.filtered.gatk.gd,T1_WG8,0,0,0,0,0,0,0,0,0,0,3773875,3773875,0,0,0,0,0,0
T2_CG01.filtered.gatk.gd,T2_CG01,2,0,2,0,0,0,0,0,0,0,3773875,3773875,0,0,0,0,0,0
T2_CG02.filtered.gatk.gd,T2_CG02,1,0,1,0,0,0,0,0,0,0,3773875,3773875,0,0,0,0,0,0
T2_CG03.filtered.gatk.gd,T2_CG03,2,2,0,0,0,0,0,0,0,0,3773875,3773875,0,1,0,0,0,1
T2_CG04.filtered.gatk.gd,T2_CG04,3,2,1,0,0,0,0,0,0,0,3773875,3773875,0,2,0,0,0,0
T2_CG05.filtered.gatk.gd,T2_CG05,0,0,0,0,0,0,0,0,0,0,3773875,3773875,0,0,0,0,0,0
T2_CG06.filtered.gatk.gd,T2_CG06,0,0,0,0,0,0,0,0,0,0,3773875,3773875,0,0,0,0,0,0
T2_CG07.filtered.gatk.gd,T2_CG07,2,1,1,0,0,0,0,0,0,0,3773875,3773875,0,1,0,0,0,0
T2_CG08.filtered.gatk.gd,T2_CG08,3,1,2,0,0,0,0,0,0,0,3773875,3773875,0,1,0,0,0,0
T2_CG09.filtered.gatk.gd,T2_CG09,2,0,2,0,0,0,0,0,0,0,3773875,3773875,0,0,0,0,0,0
T2_CG10.filtered.gatk.gd,T2_CG10,4,1,3,0,0,0,0,0,0,0,3773875,3773875,0,1,0,0,0,0
T2_CG11.filtered.gatk.gd,T2_CG11,3,2,1,0,0,0,0,0,0,0,3773875,3773875,0,1,0,0,0,1
T2_CG12.filtered.gatk.gd,T2_CG12,1,1,0,0,0,0,0,0,0,0,3773875,3773875,1,0,0,0,0,0
T2_CG19.filtered.gatk.gd,T2_CG19,1,0,1,0,0,0,0,0,0,0,3773875,3773875,0,0,0,0,0,0
T2_CG20.filtered.gatk.gd,T2_CG20,0,0,0,0,0,0,0,0,0,0,3773875,3773875,0,0,0,0,0,0
T2_CG21.filtered.gatk.gd,T2_CG21,0,0,0,0,0,0,0,0,0,0,3773875,3773875,0,0,0,0,0,0
T2_CG22.filtered.gatk.gd,T2_CG22,3,1,2,0,0,0,0,0,0,0,3773875,3773875,1,0,0,0,0,0
T2_CG23.filtered.gatk.gd,T2_CG23,3,2,1,0,0,0,0,0,0,0,3773875,3773875,1,0,0,0,0,1
T2_CG24.filtered.gatk.gd,T2_CG24,1,0,1,0,0,0,0,0,0,0,3773875,3773875,0,0,0,0,0,0
T2_CG26.filtered.gatk.gd,T2_CG26,2,2,0,0,0,0,0,0,0,0,3773875,3773875,0,2,0,0,0,0
T2_CG27.filtered.gatk.gd,T2_CG27,1,0,1,0,0,0,0,0,0,0,3773875,3773875,0,0,0,0,0,0
T2_CG28.filtered.gatk.gd,T2_CG28,3,1,2,0,0,0,0,0,0,0,3773875,3773875,1,0,0,0,0,0
T2_CG29.filtered.gatk.gd,T2_CG29,4,0,4,0,0,0,0,0,0,0,3773875,3773875,0,0,0,0,0,0
T2_CG30.filtered.gatk.gd,T2_CG30,0,0,0,0,0,0,0,0,0,0,3773875,3773875,0,0,0,0,0,0
T2_CG31.filtered.gatk.gd,T2_CG31,2,1,1,0,0,0,0,0,0,0,3773875,3773875,1,0,0,0,0,0
T2_CG32.filtered.gatk.gd,T2_CG32,3,1,2,0,0,0,0,0,0,0,3773875,3773875,0,0,1,0,0,0
T2_CG33.filtered.gatk.gd,T2_CG33,1,0,1,0,0,0,0,0,0,0,3773875,3773875,0,0,0,0,0,0
T2_CG34.filtered.gatk.gd,T2_CG34,2,0,2,0,0,0,0,0,0,0,3773875,3773875,0,0,0,0,0,0
T2_CG35.filtered.gatk.gd,T2_CG35,0,0,0,0,0,0,0,0,0,0,3773875,3773875,0,0,0,0,0,0
T2_CG36.filtered.gatk.gd,T2_CG36,2,1,1,0,0,0,0,0,0,0,3773875,3773875,1,0,0,0,0,0
T2_CG37.filtered.gatk.gd,T2_CG37,2,1,1,0,0,0,0,0,0,0,3773875,3773875,1,0,0,0,0,0
T2_CG38.filtered.gatk.gd,T2_CG38,2,0,2,0,0,0,0,0,0,0,3773875,3773875,0,0,0,0,0,0
T2_CG39.filtered.gatk.gd,T2_CG39,4,3,1,0,0,0,0,0,0,0,3773875,3773875,1,2,0,0,0,0
T2_CG40.filtered.gatk.gd,T2_CG40,0,0,0,0,0,0,0,0,0,0,3773875,3773875,0,0,0,0,0,0
T2_CG41.filtered.gatk.gd,T2_CG41,30,26,4,0,0,0,0,0,0,0,3773875,3773875,22,4,0,0,0,0
T2_CG42.filtered.gatk.gd,T2_CG42,0,0,0,0,0,0,0,0,0,0,3773875,3773875,0,0,0,0,0,0
T2_CG43.filtered.gatk.gd,T2_CG43,23,6,14,0,3,0,0,0,0,0,3773875,3773875,1,0,0,5,0,0
T2_CG44.filtered.gatk.gd,T2_CG44,3,0,3,0,0,0,0,0,0,0,3773875,3773875,0,0,0,0,0,0
T2_CG46.filtered.gatk.gd,T2_CG46,2,0,2,0,0,0,0,0,0,0,3773875,3773875,0,0,0,0,0,0
T2_CG47.filtered.gatk.gd,T2_CG47,0,0,0,0,0,0,0,0,0,0,3773875,3773875,0,0,0,0,0,0
T2_CG48.filtered.gatk.gd,T2_CG48,2,2,0,0,0,0,0,0,0,0,3773875,3773875,0,2,0,0,0,0
T2_WG01.filtered.gatk.gd,T2_WG01,2,1,1,0,0,0,0,0,0,0,3773875,3773875,0,1,0,0,0,0
T2_WG02.filtered.gatk.gd,T2_WG02,3,1,2,0,0,0,0,0,0,0,3773875,3773875,0,1,0,0,0,0
T2_WG03.filtered.gatk.gd,T2_WG03,1,0,1,0,0,0,0,0,0,0,3773875,3773875,0,0,0,0,0,0
T2_WG04.filtered.gatk.gd,T2_WG04,0,0,0,0,0,0,0,0,0,0,3773875,3773875,0,0,0,0,0,0
T2_WG05.filtered.gatk.gd,T2_WG05,2,1,1,0,0,0,0,0,0,0,3773875,3773875,0,0,0,0,0,1
T2_WG06.filtered.gatk.gd,T2_WG06,0,0,0,0,0,0,0,0,0,0,3773875,3773875,0,0,0,0,0,0
T2_WG07.filtered.gatk.gd,T2_WG07,4,1,3,0,0,0,0,0,0,0,3773875,3773875,0,1,0,0,0,0
T2_WG08.filtered.gatk.gd,T2_WG08,3,1,2,0,0,0,0,0,0,0,3773875,3773875,0,1,0,0,0,0
T2_WG09.filtered.gatk.gd,T2_WG09,4,1,3,0,0,0,0,0,0,0,3773875,3773875,0,1,0,0,0,0
T2_WG10.filtered.gatk.gd,T2_WG10,2,1,1,0,0,0,0,0,0,0,3773875,3773875,0,1,0,0,0,0
T2_WG11.filtered.gatk.gd,T2_WG11,2,0,2,0,0,0,0,0,0,0,3773875,3773875,0,0,0,0,0,0
T2_WG12.filtered.gatk.gd,T2_WG12,0,0,0,0,0,0,0,0,0,0,3773875,3773875,0,0,0,0,0,0
T2_WG13.filtered.gatk.gd,T2_WG13,4,2,2,0,0,0,0,0,0,0,3773875,3773875,1,1,0,0,0,0
T2_WG14.filtered.gatk.gd,T2_WG14,6,2,4,0,0,0,0,0,0,0,3773875,3773875,1,1,0,0,0,0
T2_WG15.filtered.gatk.gd,T2_WG15,2,0,2,0,0,0,0,0,0,0,3773875,3773875,0,0,0,0,0,0
T2_WG16.filtered.gatk.gd,T2_WG16,2,0,2,0,0,0,0,0,0,0,3773875,3773875,0,0,0,0,0,0
T2_WG17.filtered.gatk.gd,T2_WG17,4,2,2,0,0,0,0,0,0,0,3773875,3773875,1,1,0,0,0,0
T2_WG18.filtered.gatk.gd,T2_WG18,3,2,1,0,0,0,0,0,0,0,3773875,3773875,1,1,0,0,0,0
T2_WG19.filtered.gatk.gd,T2_WG19,3,0,3,0,0,0,0,0,0,0,3773875,3773875,0,0,0,0,0,0
T2_WG20.filtered.gatk.gd,T2_WG20,2,0,2,0,0,0,0,0,0,0,3773875,3773875,0,0,0,0,0,0
T2_WG21.filtered.gatk.gd,T2_WG21,2,1,1,0,0,0,0,0,0,0,3773875,3773875,1,0,0,0,0,0
T2_WG22.filtered.gatk.gd,T2_WG22,2,1,1,0,0,0,0,0,0,0,3773875,3773875,1,0,0,0,0,0
T2_WG24.filtered.gatk.gd,T2_WG24,4,1,3,0,0,0,0,0,0,0,3773875,3773875,0,1,0,0,0,0
T2_WG25.filtered.gatk.gd,T2_WG25,2,1,1,0,0,0,0,0,0,0,3773875,3773875,0,1,0,0,0,0
T2_WG26.filtered.gatk.gd,T2_WG26,1,1,0,0,0,0,0,0,0,0,3773875,3773875,0,1,0,0,0,0
T2_WG27.filtered.gatk.gd,T2_WG27,2,1,1,0,0,0,0,0,0,0,3773875,3773875,0,1,0,0,0,0
T2_WG29.filtered.gatk.gd,T2_WG29,1,0,1,0,0,0,0,0,0,0,3773875,3773875,0,0,0,0,0,0
T2_WG30.filtered.gatk.gd,T2_WG30,1,0,1,0,0,0,0,0,0,0,3773875,3773875,0,0,0,0,0,0
T2_WG31.filtered.gatk.gd,T2_WG31,3,2,1,0,0,0,0,0,0,0,3773875,3773875,0,1,0,0,0,1
T2_WG32.filtered.gatk.gd,T2_WG32,2,1,1,0,0,0,0,0,0,0,3773875,3773875,0,0,0,0,0,1
T2_WG33.filtered.gatk.gd,T2_WG33,3,1,2,0,0,0,0,0,0,0,3773875,3773875,0,1,0,0,0,0
T2_WG34.filtered.gatk.gd,T2_WG34,2,0,2,0,0,0,0,0,0,0,3773875,3773875,0,0,0,0,0,0
T2_WG35.filtered.gatk.gd,T2_WG35,4,4,0,0,0,0,0,0,0,0,3773875,3773875,1,3,0,0,0,0
T2_WG36.filtered.gatk.gd,T2_WG36,3,0,3,0,0,0,0,0,0,0,3773875,3773875,0,0,0,0,0,0
T2_WG37.filtered.gatk.gd,T2_WG37,3,2,1,0,0,0,0,0,0,0,3773875,3773875,0,2,0,0,0,0
T2_WG38.filtered.gatk.gd,T2_WG38,5,1,4,0,0,0,0,0,0,0,3773875,3773875,0,1,0,0,0,0
T2_WG39.filtered.gatk.gd,T2_WG39,0,0,0,0,0,0,0,0,0,0,3773875,3773875,0,0,0,0,0,0
T2_WG40.filtered.gatk.gd,T2_WG40,1,0,1,0,0,0,0,0,0,0,3773875,3773875,0,0,0,0,0,0
T2_WG41.filtered.gatk.gd,T2_WG41,3,1,2,0,0,0,0,0,0,0,3773875,3773875,0,1,0,0,0,0
T2_WG42.filtered.gatk.gd,T2_WG42,4,1,3,0,0,0,0,0,0,0,3773875,3773875,1,0,0,0,0,0
T2_WG43.filtered.gatk.gd,T2_WG43,2,1,1,0,0,0,0,0,0,0,3773875,3773875,0,1,0,0,0,0
T2_WG44.filtered.gatk.gd,T2_WG44,4,2,2,0,0,0,0,0,0,0,3773875,3773875,0,1,0,0,0,1
T2_WG45.filtered.gatk.gd,T2_WG45,1,0,1,0,0,0,0,0,0,0,3773875,3773875,0,0,0,0,0,0
T2_WG46.filtered.gatk.gd,T2_WG46,4,1,3,0,0,0,0,0,0,0,3773875,3773875,0,1,0,0,0,0
T2_WG47.filtered.gatk.gd,T2_WG47,4,1,3,0,0,0,0,0,0,0,3773875,3773875,0,0,0,0,0,1
T2_WG48.filtered.gatk.gd,T2_WG48,1,0,1,0,0,0,0,0,0,0,3773875,3773875,0,0,0,0,0,0
T3_CG01.filtered.gatk.gd,T3_CG01,3,1,2,0,0,0,0,0,0,0,3773875,3773875,1,0,0,0,0,0
T3_CG02.filtered.gatk.gd,T3_CG02,3,1,2,0,0,0,0,0,0,0,3773875,3773875,1,0,0,0,0,0
T3_CG03.filtered.gatk.gd,T3_CG03,2,1,1,0,0,0,0,0,0,0,3773875,3773875,0,1,0,0,0,0
T3_CG04.filtered.gatk.gd,T3_CG04,0,0,0,0,0,0,0,0,0,0,3773875,3773875,0,0,0,0,0,0
T3_CG05.filtered.gatk.gd,T3_CG05,3,2,1,0,0,0,0,0,0,0,3773875,3773875,0,2,0,0,0,0
T3_CG06.filtered.gatk.gd,T3_CG06,2,2,0,0,0,0,0,0,0,0,3773875,3773875,0,2,0,0,0,0
T3_CG07.filtered.gatk.gd,T3_CG07,1,1,0,0,0,0,0,0,0,0,3773875,3773875,0,1,0,0,0,0
T3_CG08.filtered.gatk.gd,T3_CG08,3,3,0,0,0,0,0,0,0,0,3773875,3773875,0,2,0,0,0,1
T3_CG09.filtered.gatk.gd,T3_CG09,5,5,0,0,0,0,0,0,0,0,3773875,3773875,0,3,0,0,0,2
T3_CG10.filtered.gatk.gd,T3_CG10,1,1,0,0,0,0,0,0,0,0,3773875,3773875,1,0,0,0,0,0
T3_CG11.filtered.gatk.gd,T3_CG11,1,1,0,0,0,0,0,0,0,0,3773875,3773875,1,0,0,0,0,0
T3_CG16.filtered.gatk.gd,T3_CG16,215,125,79,0,11,0,0,0,0,0,3773875,3773875,98,27,0,0,0,0
T3_CG17.filtered.gatk.gd,T3_CG17,2,0,2,0,0,0,0,0,0,0,3773875,3773875,0,0,0,0,0,0
T3_CG19.filtered.gatk.gd,T3_CG19,3,2,1,0,0,0,0,0,0,0,3773875,3773875,0,2,0,0,0,0
T3_CG20.filtered.gatk.gd,T3_CG20,0,0,0,0,0,0,0,0,0,0,3773875,3773875,0,0,0,0,0,0
T3_CG21.filtered.gatk.gd,T3_CG21,3,2,1,0,0,0,0,0,0,0,3773875,3773875,0,2,0,0,0,0
T3_CG22.filtered.gatk.gd,T3_CG22,3,3,0,0,0,0,0,0,0,0,3773875,3773875,0,0,1,0,0,2
T3_CG23.filtered.gatk.gd,T3_CG23,7,2,5,0,0,0,0,0,0,0,3773875,3773875,1,1,0,0,0,0
T3_CG24.filtered.gatk.gd,T3_CG24,2,1,1,0,0,0,0,0,0,0,3773875,3773875,0,1,0,0,0,0
T3_CG25.filtered.gatk.gd,T3_CG25,2,1,1,0,0,0,0,0,0,0,3773875,3773875,0,0,0,0,0,1
T3_CG26.filtered.gatk.gd,T3_CG26,5,2,3,0,0,0,0,0,0,0,3773875,3773875,0,2,0,0,0,0
T3_CG27.filtered.gatk.gd,T3_CG27,2,0,2,0,0,0,0,0,0,0,3773875,3773875,0,0,0,0,0,0
T3_CG28.filtered.gatk.gd,T3_CG28,0,0,0,0,0,0,0,0,0,0,3773875,3773875,0,0,0,0,0,0
T3_CG29.filtered.gatk.gd,T3_CG29,4,1,3,0,0,0,0,0,0,0,3773875,3773875,0,0,0,0,0,1
T3_CG31.filtered.gatk.gd,T3_CG31,1,0,1,0,0,0,0,0,0,0,3773875,3773875,0,0,0,0,0,0
T3_CG32.filtered.gatk.gd,T3_CG32,2,0,2,0,0,0,0,0,0,0,3773875,3773875,0,0,0,0,0,0
T3_CG33.filtered.gatk.gd,T3_CG33,2,1,1,0,0,0,0,0,0,0,3773875,3773875,0,0,0,0,0,1
T3_CG34.filtered.gatk.gd,T3_CG34,8,6,2,0,0,0,0,0,0,0,3773875,3773875,1,5,0,0,0,0
T3_CG35.filtered.gatk.gd,T3_CG35,5,4,1,0,0,0,0,0,0,0,3773875,3773875,0,3,1,0,0,0
T3_CG36.filtered.gatk.gd,T3_CG36,3,2,1,0,0,0,0,0,0,0,3773875,3773875,1,1,0,0,0,0
T3_CG37.filtered.gatk.gd,T3_CG37,1,0,1,0,0,0,0,0,0,0,3773875,3773875,0,0,0,0,0,0
T3_CG38.filtered.gatk.gd,T3_CG38,2,1,1,0,0,0,0,0,0,0,3773875,3773875,0,0,0,0,0,1
T3_CG39.filtered.gatk.gd,T3_CG39,1,0,1,0,0,0,0,0,0,0,3773875,3773875,0,0,0,0,0,0
T3_CG40.filtered.gatk.gd,T3_CG40,0,0,0,0,0,0,0,0,0,0,3773875,3773875,0,0,0,0,0,0
T3_CG41.filtered.gatk.gd,T3_CG41,4,1,3,0,0,0,0,0,0,0,3773875,3773875,1,0,0,0,0,0
T3_CG42.filtered.gatk.gd,T3_CG42,0,0,0,0,0,0,0,0,0,0,3773875,3773875,0,0,0,0,0,0
T3_CG43.filtered.gatk.gd,T3_CG43,0,0,0,0,0,0,0,0,0,0,3773875,3773875,0,0,0,0,0,0
T3_CG44.filtered.gatk.gd,T3_CG44,0,0,0,0,0,0,0,0,0,0,3773875,3773875,0,0,0,0,0,0
T3_CG45.filtered.gatk.gd,T3_CG45,0,0,0,0,0,0,0,0,0,0,3773875,3773875,0,0,0,0,0,0
T3_CG46.filtered.gatk.gd,T3_CG46,1,0,1,0,0,0,0,0,0,0,3773875,3773875,0,0,0,0,0,0
T3_CG47.filtered.gatk.gd,T3_CG47,2,1,1,0,0,0,0,0,0,0,3773875,3773875,0,1,0,0,0,0
T3_CG48.filtered.gatk.gd,T3_CG48,1,0,1,0,0,0,0,0,0,0,3773875,3773875,0,0,0,0,0,0
T3_WG03.filtered.gatk.gd,T3_WG03,2,1,1,0,0,0,0,0,0,0,3773875,3773875,0,0,0,0,0,1
T3_WG04.filtered.gatk.gd,T3_WG04,3,0,3,0,0,0,0,0,0,0,3773875,3773875,0,0,0,0,0,0
T3_WG05.filtered.gatk.gd,T3_WG05,5,2,3,0,0,0,0,0,0,0,3773875,3773875,0,2,0,0,0,0
T3_WG06.filtered.gatk.gd,T3_WG06,3,0,3,0,0,0,0,0,0,0,3773875,3773875,0,0,0,0,0,0
T3_WG07.filtered.gatk.gd,T3_WG07,7,4,3,0,0,0,0,0,0,0,3773875,3773875,0,3,0,0,0,1
T3_WG09.filtered.gatk.gd,T3_WG09,7,4,3,0,0,0,0,0,0,0,3773875,3773875,0,3,0,0,0,1
T3_WG10.filtered.gatk.gd,T3_WG10,1,1,0,0,0,0,0,0,0,0,3773875,3773875,1,0,0,0,0,0
T3_WG11.filtered.gatk.gd,T3_WG11,2,0,2,0,0,0,0,0,0,0,3773875,3773875,0,0,0,0,0,0
T3_WG12.filtered.gatk.gd,T3_WG12,3,2,1,0,0,0,0,0,0,0,3773875,3773875,0,2,0,0,0,0
T3_WG13.filtered.gatk.gd,T3_WG13,2,1,1,0,0,0,0,0,0,0,3773875,3773875,0,1,0,0,0,0
T3_WG14.filtered.gatk.gd,T3_WG14,2,1,1,0,0,0,0,0,0,0,3773875,3773875,0,1,0,0,0,0
T3_WG15.filtered.gatk.gd,T3_WG15,3,2,1,0,0,0,0,0,0,0,3773875,3773875,0,2,0,0,0,0
T3_WG16.filtered.gatk.gd,T3_WG16,2,1,1,0,0,0,0,0,0,0,3773875,3773875,0,1,0,0,0,0
T3_WG19.filtered.gatk.gd,T3_WG19,5,2,3,0,0,0,0,0,0,0,3773875,3773875,0,2,0,0,0,0
T3_WG20.filtered.gatk.gd,T3_WG20,4,1,3,0,0,0,0,0,0,0,3773875,3773875,0,1,0,0,0,0
T3_WG22.filtered.gatk.gd,T3_WG22,0,0,0,0,0,0,0,0,0,0,3773875,3773875,0,0,0,0,0,0
T3_WG24.filtered.gatk.gd,T3_WG24,4,3,1,0,0,0,0,0,0,0,3773875,3773875,1,1,0,0,0,1
T3_WG25.filtered.gatk.gd,T3_WG25,2,0,2,0,0,0,0,0,0,0,3773875,3773875,0,0,0,0,0,0
T3_WG27.filtered.gatk.gd,T3_WG27,1,0,1,0,0,0,0,0,0,0,3773875,3773875,0,0,0,0,0,0
T3_WG29.filtered.gatk.gd,T3_WG29,3,2,1,0,0,0,0,0,0,0,3773875,3773875,1,1,0,0,0,0
T3_WG31.filtered.gatk.gd,T3_WG31,6,3,3,0,0,0,0,0,0,0,3773875,3773875,1,2,0,0,0,0
T3_WG33.filtered.gatk.gd,T3_WG33,0,0,0,0,0,0,0,0,0,0,3773875,3773875,0,0,0,0,0,0
T3_WG34.filtered.gatk.gd,T3_WG34,2,1,1,0,0,0,0,0,0,0,3773875,3773875,0,1,0,0,0,0
T3_WG36.filtered.gatk.gd,T3_WG36,1,0,1,0,0,0,0,0,0,0,3773875,3773875,0,0,0,0,0,0
T3_WG37.filtered.gatk.gd,T3_WG37,3,3,0,0,0,0,0,0,0,0,3773875,3773875,0,2,0,0,0,1
T3_WG40.filtered.gatk.gd,T3_WG40,5,2,2,1,0,0,0,0,0,0,3773875,3773875,0,1,0,0,0,1
T3_WG41.filtered.gatk.gd,T3_WG41,11,6,5,0,0,0,0,0,0,0,3773875,3773875,1,4,0,0,0,1
T3_WG43.filtered.gatk.gd,T3_WG43,1,0,1,0,0,0,0,0,0,0,3773875,3773875,0,0,0,0,0,0
T3_WG44.filtered.gatk.gd,T3_WG44,2,0,2,0,0,0,0,0,0,0,3773875,3773875,0,0,0,0,0,0
T3_WG45.filtered.gatk.gd,T3_WG45,3,1,2,0,0,0,0,0,0,0,3773875,3773875,1,0,0,0,0,0
T3_WG46.filtered.gatk.gd,T3_WG46,1,1,0,0,0,0,0,0,0,0,3773875,3773875,1,0,0,0,0,0
T3_WG47.filtered.gatk.gd,T3_WG47,3,3,0,0,0,0,0,0,0,0,3773875,3773875,1,1,0,0,0,1
T3_WG48.filtered.gatk.gd,T3_WG48,5,2,3,0,0,0,0,0,0,0,3773875,3773875,1,0,0,0,0,1
